INSERT INTO article_system(article_system_id, article_system_name) VALUES
(1, 'Kriekon');

INSERT INTO article_supercategory(article_superCat_id, article_superCat_name, article_superCat_description, article_system_id) VALUES
(1, 'Super Category 1', 'This is a description', 1),
(2, 'Super Category 2','This is a description', 1),
(3, 'Super Category 3','This is a description', 1),
(4, 'Super Category 4', 'This is a description',1),
(5, 'Super Category 5','This is a description', 1),
(6, 'Super Category 6','This is a description', 1);

INSERT INTO article_tags(tag_name) VALUES
('Windows 10'), ('Tag 1'),('Tag 2'),('Tag 3');

INSERT INTO articles(user_id, article_superCat_id, article_title, article_date, article_author, article_content, featured) VALUES
(1, 1, 'Article Title 1', '2017-10-25 03:12:05', 'Vinnie', 'I AM A FUCKING LOAD OF TEXT LETS GO BABY LETS DO IT I AM THE ARTICLE CONTENT OF JESUS OMEGA CHRIST. HEARTS LOVES DICK AND SO DOES PETER. THEY GAAG ON EACH OTHER ALL NIGHT LONG.',1),
(1, 2, 'Article Title 2', '2017-10-25 03:12:06', 'Vinnie', 'I AM A FUCKING LOAD OF TEXT LETS GO BABY LETS DO IT I AM THE ARTICLE CONTENT OF JESUS OMEGA CHRIST. HEARTS LOVES DICK AND SO DOES PETER. THEY GAAG ON EACH OTHER ALL NIGHT LONG.',1),
(1, 3, 'Article Title 3', '2017-10-25 03:12:07', 'Vinnie', 'I AM A FUCKING LOAD OF TEXT LETS GO BABY LETS DO IT I AM THE ARTICLE CONTENT OF JESUS OMEGA CHRIST. HEARTS LOVES DICK AND SO DOES PETER. THEY GAAG ON EACH OTHER ALL NIGHT LONG.',1),
(1, 4, 'Article Title 5', '2017-10-25 03:12:06', 'Vinnie', 'I AM A FUCKING LOAD OF TEXT LETS GO BABY LETS DO IT I AM THE ARTICLE CONTENT OF JESUS OMEGA CHRIST. HEARTS LOVES DICK AND SO DOES PETER. THEY GAAG ON EACH OTHER ALL NIGHT LONG.',1),
(1, 5, 'Article Title 6', '2017-10-25 03:12:06', 'Vinnie', 'I AM A FUCKING LOAD OF TEXT LETS GO BABY LETS DO IT I AM THE ARTICLE CONTENT OF JESUS OMEGA CHRIST. HEARTS LOVES DICK AND SO DOES PETER. THEY GAAG ON EACH OTHER ALL NIGHT LONG.',1),
(1, 6, 'Article Title 7', '2017-10-25 03:12:06', 'Vinnie', 'I AM A FUCKING LOAD OF TEXT LETS GO BABY LETS DO IT I AM THE ARTICLE CONTENT OF JESUS OMEGA CHRIST. HEARTS LOVES DICK AND SO DOES PETER. THEY GAAG ON EACH OTHER ALL NIGHT LONG.',1),
(1, 1, 'Article Title 8', '2017-10-25 03:12:06', 'Vinnie', 'I AM A FUCKING LOAD OF TEXT LETS GO BABY LETS DO IT I AM THE ARTICLE CONTENT OF JESUS OMEGA CHRIST. HEARTS LOVES DICK AND SO DOES PETER. THEY GAAG ON EACH OTHER ALL NIGHT LONG.',0),
(1, 2, 'Article Title 9', '2017-10-25 03:12:06', 'Vinnie', 'I AM A FUCKING LOAD OF TEXT LETS GO BABY LETS DO IT I AM THE ARTICLE CONTENT OF JESUS OMEGA CHRIST. HEARTS LOVES DICK AND SO DOES PETER. THEY GAAG ON EACH OTHER ALL NIGHT LONG.',0),
(1, 3, 'Article Title 10', '2017-10-25 03:12:06', 'Vinnie', 'I AM A FUCKING LOAD OF TEXT LETS GO BABY LETS DO IT I AM THE ARTICLE CONTENT OF JESUS OMEGA CHRIST. HEARTS LOVES DICK AND SO DOES PETER. THEY GAAG ON EACH OTHER ALL NIGHT LONG.',0),
(1, 1, 'Article Title 11', '2017-10-25 03:12:05', 'Vinnie', 'I AM A FUCKING LOAD OF TEXT LETS GO BABY LETS DO IT I AM THE ARTICLE CONTENT OF JESUS OMEGA CHRIST. HEARTS LOVES DICK AND SO DOES PETER. THEY GAAG ON EACH OTHER ALL NIGHT LONG.',0),
(1, 2, 'Article Title 12', '2017-10-25 03:12:06', 'Vinnie', 'I AM A FUCKING LOAD OF TEXT LETS GO BABY LETS DO IT I AM THE ARTICLE CONTENT OF JESUS OMEGA CHRIST. HEARTS LOVES DICK AND SO DOES PETER. THEY GAAG ON EACH OTHER ALL NIGHT LONG.',0),
(1, 3, 'Article Title 13', '2017-10-25 03:12:07', 'Vinnie', 'I AM A FUCKING LOAD OF TEXT LETS GO BABY LETS DO IT I AM THE ARTICLE CONTENT OF JESUS OMEGA CHRIST. HEARTS LOVES DICK AND SO DOES PETER. THEY GAAG ON EACH OTHER ALL NIGHT LONG.',0),
(1, 4, 'Article Title 14', '2017-10-25 03:12:06', 'Vinnie', 'I AM A FUCKING LOAD OF TEXT LETS GO BABY LETS DO IT I AM THE ARTICLE CONTENT OF JESUS OMEGA CHRIST. HEARTS LOVES DICK AND SO DOES PETER. THEY GAAG ON EACH OTHER ALL NIGHT LONG.',0),
(1, 5, 'Article Title 15', '2017-10-25 03:12:06', 'Vinnie', 'I AM A FUCKING LOAD OF TEXT LETS GO BABY LETS DO IT I AM THE ARTICLE CONTENT OF JESUS OMEGA CHRIST. HEARTS LOVES DICK AND SO DOES PETER. THEY GAAG ON EACH OTHER ALL NIGHT LONG.',0),
(1, 6, 'Article Title 17', '2017-10-25 03:12:06', 'Vinnie', 'I AM A FUCKING LOAD OF TEXT LETS GO BABY LETS DO IT I AM THE ARTICLE CONTENT OF JESUS OMEGA CHRIST. HEARTS LOVES DICK AND SO DOES PETER. THEY GAAG ON EACH OTHER ALL NIGHT LONG.',0),
(1, 1, 'Article Title 18', '2017-10-25 03:12:06', 'Vinnie', 'I AM A FUCKING LOAD OF TEXT LETS GO BABY LETS DO IT I AM THE ARTICLE CONTENT OF JESUS OMEGA CHRIST. HEARTS LOVES DICK AND SO DOES PETER. THEY GAAG ON EACH OTHER ALL NIGHT LONG.',0),
(1, 2, 'Article Title 19', '2017-10-25 03:12:06', 'Vinnie', 'I AM A FUCKING LOAD OF TEXT LETS GO BABY LETS DO IT I AM THE ARTICLE CONTENT OF JESUS OMEGA CHRIST. HEARTS LOVES DICK AND SO DOES PETER. THEY GAAG ON EACH OTHER ALL NIGHT LONG.',0),
(1, 3, 'Article Title 20', '2017-10-25 03:12:06', 'Vinnie', 'I AM A FUCKING LOAD OF TEXT LETS GO BABY LETS DO IT I AM THE ARTICLE CONTENT OF JESUS OMEGA CHRIST. HEARTS LOVES DICK AND SO DOES PETER. THEY GAAG ON EACH OTHER ALL NIGHT LONG.',0),
(1, 1, 'Article Title 21', '2017-10-25 03:12:05', 'Vinnie', 'I AM A FUCKING LOAD OF TEXT LETS GO BABY LETS DO IT I AM THE ARTICLE CONTENT OF JESUS OMEGA CHRIST. HEARTS LOVES DICK AND SO DOES PETER. THEY GAAG ON EACH OTHER ALL NIGHT LONG.',0),
(1, 2, 'Article Title 22', '2017-10-25 03:12:06', 'Vinnie', 'I AM A FUCKING LOAD OF TEXT LETS GO BABY LETS DO IT I AM THE ARTICLE CONTENT OF JESUS OMEGA CHRIST. HEARTS LOVES DICK AND SO DOES PETER. THEY GAAG ON EACH OTHER ALL NIGHT LONG.',0),
(1, 3, 'Article Title 23', '2017-10-25 03:12:07', 'Vinnie', 'I AM A FUCKING LOAD OF TEXT LETS GO BABY LETS DO IT I AM THE ARTICLE CONTENT OF JESUS OMEGA CHRIST. HEARTS LOVES DICK AND SO DOES PETER. THEY GAAG ON EACH OTHER ALL NIGHT LONG.',0),
(1, 4, 'Article Title 25', '2017-10-25 03:12:06', 'Vinnie', 'I AM A FUCKING LOAD OF TEXT LETS GO BABY LETS DO IT I AM THE ARTICLE CONTENT OF JESUS OMEGA CHRIST. HEARTS LOVES DICK AND SO DOES PETER. THEY GAAG ON EACH OTHER ALL NIGHT LONG.',0),
(1, 5, 'Article Title 26', '2017-10-25 03:12:06', 'Vinnie', 'I AM A FUCKING LOAD OF TEXT LETS GO BABY LETS DO IT I AM THE ARTICLE CONTENT OF JESUS OMEGA CHRIST. HEARTS LOVES DICK AND SO DOES PETER. THEY GAAG ON EACH OTHER ALL NIGHT LONG.',0),
(1, 6, 'Article Title 27', '2017-10-25 03:12:06', 'Vinnie', 'I AM A FUCKING LOAD OF TEXT LETS GO BABY LETS DO IT I AM THE ARTICLE CONTENT OF JESUS OMEGA CHRIST. HEARTS LOVES DICK AND SO DOES PETER. THEY GAAG ON EACH OTHER ALL NIGHT LONG.',0),
(1, 1, 'Article Title 28', '2017-10-25 03:12:06', 'Vinnie', 'I AM A FUCKING LOAD OF TEXT LETS GO BABY LETS DO IT I AM THE ARTICLE CONTENT OF JESUS OMEGA CHRIST. HEARTS LOVES DICK AND SO DOES PETER. THEY GAAG ON EACH OTHER ALL NIGHT LONG.',0),
(1, 2, 'Article Title 29', '2017-10-25 03:12:06', 'Vinnie', 'I AM A FUCKING LOAD OF TEXT LETS GO BABY LETS DO IT I AM THE ARTICLE CONTENT OF JESUS OMEGA CHRIST. HEARTS LOVES DICK AND SO DOES PETER. THEY GAAG ON EACH OTHER ALL NIGHT LONG.',0),
(1, 3, 'Article Title 30', '2017-10-25 03:12:06', 'Vinnie', 'I AM A FUCKING LOAD OF TEXT LETS GO BABY LETS DO IT I AM THE ARTICLE CONTENT OF JESUS OMEGA CHRIST. HEARTS LOVES DICK AND SO DOES PETER. THEY GAAG ON EACH OTHER ALL NIGHT LONG.',0),
(1, 1, 'Article Title 31', '2017-10-25 03:12:05', 'Vinnie', 'I AM A FUCKING LOAD OF TEXT LETS GO BABY LETS DO IT I AM THE ARTICLE CONTENT OF JESUS OMEGA CHRIST. HEARTS LOVES DICK AND SO DOES PETER. THEY GAAG ON EACH OTHER ALL NIGHT LONG.',0),
(1, 2, 'Article Title 32', '2017-10-25 03:12:06', 'Vinnie', 'I AM A FUCKING LOAD OF TEXT LETS GO BABY LETS DO IT I AM THE ARTICLE CONTENT OF JESUS OMEGA CHRIST. HEARTS LOVES DICK AND SO DOES PETER. THEY GAAG ON EACH OTHER ALL NIGHT LONG.',0),
(1, 3, 'Article Title 33', '2017-10-25 03:12:07', 'Vinnie', 'I AM A FUCKING LOAD OF TEXT LETS GO BABY LETS DO IT I AM THE ARTICLE CONTENT OF JESUS OMEGA CHRIST. HEARTS LOVES DICK AND SO DOES PETER. THEY GAAG ON EACH OTHER ALL NIGHT LONG.',0),
(1, 4, 'Article Title 35', '2017-10-25 03:12:06', 'Vinnie', 'I AM A FUCKING LOAD OF TEXT LETS GO BABY LETS DO IT I AM THE ARTICLE CONTENT OF JESUS OMEGA CHRIST. HEARTS LOVES DICK AND SO DOES PETER. THEY GAAG ON EACH OTHER ALL NIGHT LONG.',0),
(1, 5, 'Article Title 36', '2017-10-25 03:12:06', 'Vinnie', 'I AM A FUCKING LOAD OF TEXT LETS GO BABY LETS DO IT I AM THE ARTICLE CONTENT OF JESUS OMEGA CHRIST. HEARTS LOVES DICK AND SO DOES PETER. THEY GAAG ON EACH OTHER ALL NIGHT LONG.',0),
(1, 6, 'Article Title 37', '2017-10-25 03:12:06', 'Vinnie', 'I AM A FUCKING LOAD OF TEXT LETS GO BABY LETS DO IT I AM THE ARTICLE CONTENT OF JESUS OMEGA CHRIST. HEARTS LOVES DICK AND SO DOES PETER. THEY GAAG ON EACH OTHER ALL NIGHT LONG.',0),
(1, 1, 'Article Title 38', '2017-10-25 03:12:06', 'Vinnie', 'I AM A FUCKING LOAD OF TEXT LETS GO BABY LETS DO IT I AM THE ARTICLE CONTENT OF JESUS OMEGA CHRIST. HEARTS LOVES DICK AND SO DOES PETER. THEY GAAG ON EACH OTHER ALL NIGHT LONG.',0),
(1, 2, 'Article Title 39', '2017-10-25 03:12:06', 'Vinnie', 'I AM A FUCKING LOAD OF TEXT LETS GO BABY LETS DO IT I AM THE ARTICLE CONTENT OF JESUS OMEGA CHRIST. HEARTS LOVES DICK AND SO DOES PETER. THEY GAAG ON EACH OTHER ALL NIGHT LONG.',0),
(1, 3, 'Article Title 40', '2017-10-25 03:12:06', 'Vinnie', 'I AM A FUCKING LOAD OF TEXT LETS GO BABY LETS DO IT I AM THE ARTICLE CONTENT OF JESUS OMEGA CHRIST. HEARTS LOVES DICK AND SO DOES PETER. THEY GAAG ON EACH OTHER ALL NIGHT LONG.',0),
(1, 1, 'Article Title 41', '2017-10-25 03:12:05', 'Vinnie', 'I AM A FUCKING LOAD OF TEXT LETS GO BABY LETS DO IT I AM THE ARTICLE CONTENT OF JESUS OMEGA CHRIST. HEARTS LOVES DICK AND SO DOES PETER. THEY GAAG ON EACH OTHER ALL NIGHT LONG.',0),
(1, 2, 'Article Title 42', '2017-10-25 03:12:06', 'Vinnie', 'I AM A FUCKING LOAD OF TEXT LETS GO BABY LETS DO IT I AM THE ARTICLE CONTENT OF JESUS OMEGA CHRIST. HEARTS LOVES DICK AND SO DOES PETER. THEY GAAG ON EACH OTHER ALL NIGHT LONG.',0),
(1, 3, 'Article Title 43', '2017-10-25 03:12:07', 'Vinnie', 'I AM A FUCKING LOAD OF TEXT LETS GO BABY LETS DO IT I AM THE ARTICLE CONTENT OF JESUS OMEGA CHRIST. HEARTS LOVES DICK AND SO DOES PETER. THEY GAAG ON EACH OTHER ALL NIGHT LONG.',0),
(1, 4, 'Article Title 45', '2017-10-25 03:12:06', 'Vinnie', 'I AM A FUCKING LOAD OF TEXT LETS GO BABY LETS DO IT I AM THE ARTICLE CONTENT OF JESUS OMEGA CHRIST. HEARTS LOVES DICK AND SO DOES PETER. THEY GAAG ON EACH OTHER ALL NIGHT LONG.',0),
(1, 5, 'Article Title 46', '2017-10-25 03:12:06', 'Vinnie', 'I AM A FUCKING LOAD OF TEXT LETS GO BABY LETS DO IT I AM THE ARTICLE CONTENT OF JESUS OMEGA CHRIST. HEARTS LOVES DICK AND SO DOES PETER. THEY GAAG ON EACH OTHER ALL NIGHT LONG.',0),
(1, 6, 'Article Title 47', '2017-10-25 03:12:06', 'Vinnie', 'I AM A FUCKING LOAD OF TEXT LETS GO BABY LETS DO IT I AM THE ARTICLE CONTENT OF JESUS OMEGA CHRIST. HEARTS LOVES DICK AND SO DOES PETER. THEY GAAG ON EACH OTHER ALL NIGHT LONG.',0),
(1, 1, 'Article Title 48', '2017-10-25 03:12:06', 'Vinnie', 'I AM A FUCKING LOAD OF TEXT LETS GO BABY LETS DO IT I AM THE ARTICLE CONTENT OF JESUS OMEGA CHRIST. HEARTS LOVES DICK AND SO DOES PETER. THEY GAAG ON EACH OTHER ALL NIGHT LONG.',0),
(1, 2, 'Article Title 49', '2017-10-25 03:12:06', 'Vinnie', 'I AM A FUCKING LOAD OF TEXT LETS GO BABY LETS DO IT I AM THE ARTICLE CONTENT OF JESUS OMEGA CHRIST. HEARTS LOVES DICK AND SO DOES PETER. THEY GAAG ON EACH OTHER ALL NIGHT LONG.',0),
(1, 3, 'Article Title 50', '2017-10-25 03:12:06', 'Vinnie', 'I AM A FUCKING LOAD OF TEXT LETS GO BABY LETS DO IT I AM THE ARTICLE CONTENT OF JESUS OMEGA CHRIST. HEARTS LOVES DICK AND SO DOES PETER. THEY GAAG ON EACH OTHER ALL NIGHT LONG.',0),
(1, 1, 'Article Title 51', '2017-10-25 03:12:05', 'Vinnie', 'I AM A FUCKING LOAD OF TEXT LETS GO BABY LETS DO IT I AM THE ARTICLE CONTENT OF JESUS OMEGA CHRIST. HEARTS LOVES DICK AND SO DOES PETER. THEY GAAG ON EACH OTHER ALL NIGHT LONG.',0),
(1, 2, 'Article Title 52', '2017-10-25 03:12:06', 'Vinnie', 'I AM A FUCKING LOAD OF TEXT LETS GO BABY LETS DO IT I AM THE ARTICLE CONTENT OF JESUS OMEGA CHRIST. HEARTS LOVES DICK AND SO DOES PETER. THEY GAAG ON EACH OTHER ALL NIGHT LONG.',0),
(1, 3, 'Article Title 53', '2017-10-25 03:12:07', 'Vinnie', 'I AM A FUCKING LOAD OF TEXT LETS GO BABY LETS DO IT I AM THE ARTICLE CONTENT OF JESUS OMEGA CHRIST. HEARTS LOVES DICK AND SO DOES PETER. THEY GAAG ON EACH OTHER ALL NIGHT LONG.',0),
(1, 4, 'Article Title 55', '2017-10-25 03:12:06', 'Vinnie', 'I AM A FUCKING LOAD OF TEXT LETS GO BABY LETS DO IT I AM THE ARTICLE CONTENT OF JESUS OMEGA CHRIST. HEARTS LOVES DICK AND SO DOES PETER. THEY GAAG ON EACH OTHER ALL NIGHT LONG.',0),
(1, 5, 'Article Title 56', '2017-10-25 03:12:06', 'Vinnie', 'I AM A FUCKING LOAD OF TEXT LETS GO BABY LETS DO IT I AM THE ARTICLE CONTENT OF JESUS OMEGA CHRIST. HEARTS LOVES DICK AND SO DOES PETER. THEY GAAG ON EACH OTHER ALL NIGHT LONG.',0),
(1, 6, 'Article Title 57', '2017-10-25 03:12:06', 'Vinnie', 'I AM A FUCKING LOAD OF TEXT LETS GO BABY LETS DO IT I AM THE ARTICLE CONTENT OF JESUS OMEGA CHRIST. HEARTS LOVES DICK AND SO DOES PETER. THEY GAAG ON EACH OTHER ALL NIGHT LONG.',0),
(1, 1, 'Article Title 58', '2017-10-25 03:12:06', 'Vinnie', 'I AM A FUCKING LOAD OF TEXT LETS GO BABY LETS DO IT I AM THE ARTICLE CONTENT OF JESUS OMEGA CHRIST. HEARTS LOVES DICK AND SO DOES PETER. THEY GAAG ON EACH OTHER ALL NIGHT LONG.',0),
(1, 2, 'Article Title 59', '2017-10-25 03:12:06', 'Vinnie', 'I AM A FUCKING LOAD OF TEXT LETS GO BABY LETS DO IT I AM THE ARTICLE CONTENT OF JESUS OMEGA CHRIST. HEARTS LOVES DICK AND SO DOES PETER. THEY GAAG ON EACH OTHER ALL NIGHT LONG.',0),
(1, 3, 'Article Title 60', '2017-10-25 03:12:06', 'Vinnie', 'I AM A FUCKING LOAD OF TEXT LETS GO BABY LETS DO IT I AM THE ARTICLE CONTENT OF JESUS OMEGA CHRIST. HEARTS LOVES DICK AND SO DOES PETER. THEY GAAG ON EACH OTHER ALL NIGHT LONG.',0),
(1, 1, 'Article Title 61', '2017-10-25 03:12:05', 'Vinnie', 'I AM A FUCKING LOAD OF TEXT LETS GO BABY LETS DO IT I AM THE ARTICLE CONTENT OF JESUS OMEGA CHRIST. HEARTS LOVES DICK AND SO DOES PETER. THEY GAAG ON EACH OTHER ALL NIGHT LONG.',0),
(1, 2, 'Article Title 62', '2017-10-25 03:12:06', 'Vinnie', 'I AM A FUCKING LOAD OF TEXT LETS GO BABY LETS DO IT I AM THE ARTICLE CONTENT OF JESUS OMEGA CHRIST. HEARTS LOVES DICK AND SO DOES PETER. THEY GAAG ON EACH OTHER ALL NIGHT LONG.',0),
(1, 3, 'Article Title 63', '2017-10-25 03:12:07', 'Vinnie', 'I AM A FUCKING LOAD OF TEXT LETS GO BABY LETS DO IT I AM THE ARTICLE CONTENT OF JESUS OMEGA CHRIST. HEARTS LOVES DICK AND SO DOES PETER. THEY GAAG ON EACH OTHER ALL NIGHT LONG.',0),
(1, 4, 'Article Title 65', '2017-10-25 03:12:06', 'Vinnie', 'I AM A FUCKING LOAD OF TEXT LETS GO BABY LETS DO IT I AM THE ARTICLE CONTENT OF JESUS OMEGA CHRIST. HEARTS LOVES DICK AND SO DOES PETER. THEY GAAG ON EACH OTHER ALL NIGHT LONG.',0),
(1, 5, 'Article Title 66', '2017-10-25 03:12:06', 'Vinnie', 'I AM A FUCKING LOAD OF TEXT LETS GO BABY LETS DO IT I AM THE ARTICLE CONTENT OF JESUS OMEGA CHRIST. HEARTS LOVES DICK AND SO DOES PETER. THEY GAAG ON EACH OTHER ALL NIGHT LONG.',0),
(1, 6, 'Article Title 67', '2017-10-25 03:12:06', 'Vinnie', 'I AM A FUCKING LOAD OF TEXT LETS GO BABY LETS DO IT I AM THE ARTICLE CONTENT OF JESUS OMEGA CHRIST. HEARTS LOVES DICK AND SO DOES PETER. THEY GAAG ON EACH OTHER ALL NIGHT LONG.',0),
(1, 1, 'Article Title 68', '2017-10-25 03:12:06', 'Vinnie', 'I AM A FUCKING LOAD OF TEXT LETS GO BABY LETS DO IT I AM THE ARTICLE CONTENT OF JESUS OMEGA CHRIST. HEARTS LOVES DICK AND SO DOES PETER. THEY GAAG ON EACH OTHER ALL NIGHT LONG.',0),
(1, 2, 'Article Title 69', '2017-10-25 03:12:06', 'Vinnie', 'I AM A FUCKING LOAD OF TEXT LETS GO BABY LETS DO IT I AM THE ARTICLE CONTENT OF JESUS OMEGA CHRIST. HEARTS LOVES DICK AND SO DOES PETER. THEY GAAG ON EACH OTHER ALL NIGHT LONG.',0),
(1, 3, 'Article Title 70', '2017-10-25 03:12:06', 'Vinnie', 'I AM A FUCKING LOAD OF TEXT LETS GO BABY LETS DO IT I AM THE ARTICLE CONTENT OF JESUS OMEGA CHRIST. HEARTS LOVES DICK AND SO DOES PETER. THEY GAAG ON EACH OTHER ALL NIGHT LONG.',0);

INSERT INTO article_tag_link(tag_id, article_id) VALUES
(1, 1),
(1, 2),
(1, 3),
(1, 4),
(1, 5),
(1, 6),
(1, 7),
(1, 8),
(1, 9),
(2, 10),
(2, 11),
(2, 12),
(2, 13),
(2, 14),
(2, 15),
(2, 16),
(2, 17),
(2, 18),
(2, 19),
(3, 20),
(3, 21),
(3, 22),
(3, 23),
(3, 24),
(3, 25),
(3, 26),
(3, 27),
(3, 28),
(3, 29),
(4, 30),
(4, 31),
(4, 32),
(4, 33),
(4, 34),
(4, 35),
(4, 36),
(4, 37),
(4, 38),
(4, 39),
(1, 40),
(2, 41),
(3, 42),
(4, 43),
(1, 44),
(2, 45),
(3, 46),
(4, 47),
(1, 48),
(1, 49),
(2, 50),
(3, 51),
(4, 52),
(1, 53),
(2, 54),
(3, 55),
(4, 56),
(1, 57),
(2, 58),
(3, 59),
(4, 60),
(1, 61),
(2, 62),
(3, 63);

INSERT INTO forum(forum_id, forum_name) VALUES
(1, 'Kriekon');
INSERT INTO forum_supercategory(superCat_id, forum_id, superCat_name) VALUES
(1, 1, 'Super Category 1'),
(2, 1, 'Super Category 2'),
(3, 1, 'Super Category 3'),
(4, 1, 'Super Category 4');

INSERT INTO forum_category(category_id, superCat_id, cat_name, cat_description) VALUES
(1, 1, 'Category 1', 'I give a description of what I hold'),
(2, 2, 'Category 2', 'I give a description of what I hold'),
(3, 3, 'Category 3', 'I give a description of what I hold'),
(4, 4, 'Category 4', 'I give a description of what I hold'),
(5, 1, 'Category 5', 'I give a description of what I hold'),
(6, 2, 'Category 6', 'I give a description of what I hold'),
(7, 3, 'Category 7', 'I give a description of what I hold'),
(8, 4, 'Category 8', 'I give a description of what I hold'),
(9, 1, 'Category 9', 'I give a description of what I hold'),
(10, 2, 'Category 10', 'I give a description of what I hold'),
(11, 3, 'Category 11', 'I give a description of what I hold'),
(12, 4, 'Category 12', 'I give a description of what I hold');

INSERT INTO forum_subcategory(subcategory_id, category_id, subCat_name, subCat_description) VALUES
(1,1, 'Sub Category 1', 'I am the description omega'),
(2,2, 'Sub Category 2', 'I am the description omega'),
(3,3, 'Sub Category 3', 'I am the description omega'),
(4,4, 'Sub Category 4', 'I am the description omega'),
(5,5, 'Sub Category 5', 'I am the description omega'),
(6,6, 'Sub Category 6', 'I am the description omega'),
(7,7, 'Sub Category 7', 'I am the description omega'),
(8,8, 'Sub Category 8', 'I am the description omega'),
(9,9, 'Sub Category 9', 'I am the description omega'),
(10,10, 'Sub Category 10', 'I am the description omega'),
(11,11, 'Sub Category 11', 'I am the description omega'),
(12,12, 'Sub Category 12', 'I am the description omega'),
(13,1, 'Sub Category 13', 'I am the description omega'),
(14,2, 'Sub Category 14', 'I am the description omega'),
(15,3, 'Sub Category 15', 'I am the description omega'),
(16,4, 'Sub Category 16', 'I am the description omega');

INSERT INTO permissions (permission_name) VALUES ('can_change_avatar'),
('can_create_forum_thread'),
('can_delete_forum_thread'),
('can_modify_forum_thread'),
('can_reply'),
('can_dislike_forum_thread'),
('can_like_forum_thread'),
('can_delete_own_forum_thread'),
('can_edit_own_reply'),
('can_edit_own_thread'),
('can_view_threads'),
('can_view_dashboard'),
('can_approve_articles'),
('can_approve_article_edits'),
('can_approve_article_deletion'),
('can_submit_article'),
('can_submit_article_edit'),
('can_submit_article_deletion'),
('can_delete_article'),
('can_create_article'),
('can_edit_article'),
('can_upload_article_image'),
('can_comment_articles'),
('can_view_articles'),
('can_edit_own_dev_blog'),
('can_delete_own_dev_blog'),
('can_delete_dev_blog'),
('can_edit_dev_blog'),
('can_submit_new_dev_blog'),
('can_comment_on_dev_blog'),
('can_create_tracker_entry'),
('can_delete_tracker_entry'),
('can_update_tracker_entry'),
('can_view_dev_blog'),
('can_add_new_bbcode'),
('can_modify_bbcode'),
('can_view_bbcode'),
('can_delete_bbcode'),
('can_delete_user'),
('can_modify_user'),
('can_modify_admin'),
('is_super_admin'),
('can_manage_forums'),
('can_manage_articles'),
('can_site_maintenance');

INSERT INTO tags (tag_name) VALUES ('Admin'),
('Web Developer'),
('Developer'),
('Moderator'),
('Editor'),
('Writer'),
('Registered User'),
('Guest');

INSERT INTO tag_permissions (tag_id, permission_id) VALUES (1,1),
(1,2),
(1,3),
(1,4),
(1,5),
(1,6),
(1,7),
(1,8),
(1,9),
(1,10),
(1,11),
(1,12),
(1,13),
(1,14),
(1,15),
(1,19),
(1,20),
(1,21),
(1,22),
(1,23),
(1,24),
(1,25),
(1,26),
(1,27),
(1,28),
(1,29),
(1,30),
(1,31),
(1,32),
(1,33),
(1,34),
(1,35),
(1,36),
(1,37),
(1,38),
(1,39),
(1,40),
(1,41),
(1,42),
(2,1),
(2,2),
(2,4),
(2,5),
(2,6),
(2,7),
(2,8),
(2,9),
(2,10),
(2,11),
(2,12),
(2,23),
(2,24),
(2,25),
(2,26),
(2,29),
(2,30),
(2,31),
(2,32),
(2,33),
(2,34),
(2,35),
(2,36),
(2,37),
(2,38),
(3,1),
(3,2),
(3,4),
(3,5),
(3,6),
(3,7),
(3,8),
(3,9),
(3,10),
(3,11),
(3,12),
(3,23),
(3,24),
(3,25),
(3,26),
(3,29),
(3,30),
(3,31),
(3,32),
(3,33),
(3,34),
(4,1),
(4,2),
(4,3),
(4,4),
(4,5),
(4,6),
(4,7),
(4,8),
(4,9),
(4,10),
(4,11),
(4,12),
(4,23),
(4,24),
(4,30),
(4,34),
(5,1),
(5,2),
(5,4),
(5,5),
(5,6),
(5,7),
(5,8),
(5,9),
(5,10),
(5,11),
(5,12),
(5,13),
(5,14),
(5,15),
(5,19),
(5,20),
(5,21),
(5,22),
(5,23),
(5,24),
(5,30),
(5,34),
(6,1),
(6,2),
(6,4),
(6,5),
(6,6),
(6,7),
(6,8),
(6,9),
(6,10),
(6,11),
(6,12),
(6,16),
(6,17),
(6,18),
(6,22),
(6,23),
(6,24),
(6,30),
(6,34),
(7,1),
(7,2),
(7,4),
(7,5),
(7,6),
(7,7),
(7,8),
(7,9),
(7,10),
(7,11),
(7,23),
(7,24),
(7,30),
(7,24),
(8,11),
(8,24);